dandiset_id,dandi_path,publication_source,behavioral_or_experimental_feature_to_compare,number_of_units,brain_regions_of_recording,why_chosen,event_object_path,event_object_id,event_feature_name
000004,sub-P29CS/sub-P29CS_ses-20131001_obj-r4hf2_ecephys+image.nwb,A NWB-based dataset and processing pipeline of human single-neuron activity during a declarative memory task; https://www.nature.com/articles/s41597-020-0415-9,"Visual memory stimulus category, novelty, and recognition response",64,Left amygdala; left and right hippocampus,Human single-neuron memory task with three annotated recording areas. Verified sampled spike span: 45.9 min in this asset.,/intervals/trials,31fafb83-2c39-4ea0-8168-43de478f6632,stim_on_time; response_time
000006,sub-anm369962/sub-anm369962_ses-20170313.nwb,Distinct descending motor cortex pathways and their roles in movement; https://www.nature.com/articles/s41586-018-0642-9,"Pole presentation, delay cue, and delayed left/right response",71,"Right anterior lateral motor cortex (ALM), layer 5",Focused mouse ALM population and explicit cue and pole timestamps. Verified sampled spike span: 37.8 min in this asset.,/intervals/trials,a89222e6-6d8d-4aae-8469-42eee9544b6b,pole_in_time; cue_start_time
000044,sub-Buddy/sub-Buddy_ses-Buddy-06272013_behavior+ecephys.nwb,"Grosmark and Buzsáki, Science (2016), https://doi.org/10.1126/science.aad1935","Rest, novel maze, and post-experience epoch transitions",68,Hippocampal CA1 (electrode location recorded as unknown),Long CA1 session tests the transition from rest to novel spatial learning. Verified sampled spike span: 350.9 min in this asset.,/intervals/epochs,06a63e45-9ce9-4268-a9e1-b9afb425f3c2,start_time
000056,sub-Mouse12/sub-Mouse12_ses-Mouse12-120807_behavior+ecephys.nwb,"Peyrache et al., Nature Neuroscience (2015), https://doi.org/10.1038/nn.3968","Continuous head direction, position, and wake/sleep state",77,Anterodorsal thalamus and/or postsubiculum (asset location unspecified),Single-mouse head-direction circuit recording with prolonged natural behavior. Verified sampled spike span: 370.4 min in this asset.,,,
000059,sub-MS10/sub-MS10_ses-Peter-MS10-170317-153237-concat_desc-processed_behavior+ecephys.nwb,Cooling of Medial Septum Reveals Theta Phase Lag Coordination of Hippocampal Cell Assemblies; https://www.sciencedirect.com/science/article/abs/pii/S0896627320303925,"Spatial trial behavior, cooling condition, and error status",395,Hippocampal system (asset electrode location unspecified),Medial septum cooling perturbation probes temporal and spatial population structure. Verified sampled spike span: 90.6 min in this asset.,/intervals/trials,21dea22f-db56-4c17-9b43-6313dd1c9801,start_time
000060,sub-353936/sub-353936_ses-20170617_behavior+ecephys+ogen.nwb,"Finkelstein et al., Nature Neuroscience (2021), https://doi.org/10.1038/s41593-021-00840-6","Trial instruction, early licking, outcome, and photostimulation condition",106,Right anterior lateral motor cortex (ALM),Single-area decision task with a controlled cortical perturbation. Verified sampled spike span: 122.0 min in this asset.,/intervals/trials,9cff6fd8-46c1-482b-8a44-d10bb6f73c22,start_time
000061,sub-Rat08/sub-Rat08_ses-Rat08-20130713_ecephys+image.nwb,Reactivations of emotional memory in the hippocampus–amygdala system during sleep; https://www.nature.com/articles/nn.4637,"Training, prestudy sleep, and poststudy sleep epochs",252,Hippocampus and basolateral amygdala (asset location unspecified),Two-region emotional-memory and consolidation comparison. Verified sampled spike span: 377.6 min in this asset.,/intervals/epochs,20ee7fc1-d439-4de0-9361-b245d54ab642,start_time
000067,sub-EE/sub-EE_ses-EE-088_behavior+ecephys.nwb,Behavior-dependent short-term assembly dynamics in the medial prefrontal cortex; https://www.nature.com/articles/nn.2134,Working-memory trial side and reward,350,Medial prefrontal cortex (asset location unspecified),Prefrontal working-memory ensemble tests task-related short-term assemblies. Verified sampled spike span: 36.1 min in this asset.,/intervals/trials,a6331b6a-c1dd-4520-9f5e-b1613e1228f0,start_time; reward_time
000070,sub-Jenkins/sub-Jenkins_ses-20090912_behavior+ecephys.nwb,Neural Population dynamics during reaching; https://www.nature.com/articles/nature11129,"Reach target, go cue, movement onset, and kinematics",192,"Primary motor and dorsal premotor cortex (M1, PMd)",Macaque motor control with precise event timing and continuous reaches. Verified sampled spike span: 146.5 min in this asset.,/intervals/trials,dffb0da7-071a-49ce-ac00-e4b3a9b9a4ec,target_presentation_time; go_cue_time; move_begins_time
000121,sub-Reggie/sub-Reggie_ses-20170117T104643_behavior+ecephys.nwb,Structure and variability of delay activity in premotor cortex; https://doi.org/10.1371/journal.pcbi.1006808,"Target display, preparatory delay, and reach onset",192,"Primary motor and dorsal premotor cortex (M1, PMd)",Macaque reaching tests latent preparatory versus movement dynamics. Verified sampled spike span: 117.3 min in this asset.,/intervals/trials,a5d9ad74-8f8f-49dd-a308-d04662915018,target_shown_time; go_cue_time; reach_time
000127,sub-Han/sub-Han_desc-train_behavior+ecephys.nwb,Area 2 of primary somatosensory cortex encodes kinematics of the whole arm; https://doi.org/10.7554/eLife.48198,Passive bump direction and onset versus active reach,65,"Primary somatosensory cortex, area 2",Somatosensory event contrast provides a positive control against the paper's area-2 analysis. Verified sampled spike span: 37.1 min in this asset.,/intervals/trials,e6936d34-d144-4d4f-80cf-369a0e9ccab3,bump_time; move_onset_time
000128,sub-Jenkins/sub-Jenkins_ses-full_desc-train_behavior+ecephys.nwb,"Churchland et al., Nature (2012), https://doi.org/10.1038/nature11129","Maze target, go cue, and reach onset",182,"Primary motor and dorsal premotor cortex (M1, PMd)",Full MC_Maze training asset retains a long continuous motor population recording. Verified sampled spike span: 115.8 min in this asset.,/intervals/trials,23c277d9-0abc-4287-b38d-4dbaf5d4a94a,go_cue_time; move_onset_time
000130,sub-Haydn/sub-Haydn_desc-train_ecephys.nwb,Bayesian computation through cortical latent dynamics; https://doi.org/10.1016/j.neuron.2019.06.012,"Ready, set, go, and reproduced time interval",54,Dorsomedial frontal cortex (DMFC),Single-area primate timing task tests interval representations. Verified sampled spike span: 80.1 min in this asset.,/intervals/trials,d749d357-1677-46db-bb74-7efdbfe159b0,ready_time; set_time; go_time
000218,sub-DT2/sub-DT2_ses-DT2-rPPC-rCCG-3324um-1000um-20160217-160217-103121_behavior+ecephys.nwb,Routing of Hippocampal Ripples to Subcortical Structures via the Lateral Septum; https://doi.org/10.1016/j.neuron.2019.10.012,Track running direction and hippocampal replay routing,56,Hippocampus and lateral septum,Two-region spatial circuit with long behavioral and sleep recording. Verified sampled spike span: 435.1 min in this asset.,/intervals/trials,9f81a02e-0e94-4948-ad01-9345039fdaa2,start_time
000301,sub-M50/sub-M50_ses-20211026T152836_behavior+ecephys.nwb,DANDI published data release: Extracellular electrophysiology unit data from mouse Superior Colliculus during whisker guided virtual navigation; https://dandiarchive.org/dandiset/000301/0.230806.0034,Surface excursion and return during whisker-guided virtual navigation,59,Superior colliculus,Focused subcortical sensorimotor population with annotated navigation transitions. Verified sampled spike span: 62.5 min in this asset.,/intervals/trials,7c759024-7c7f-43b9-8498-e9cdb2da27cd,surface_excursion_start_time; surface_return_start_time
000447,sub-JDS-NFN-AM2/sub-JDS-NFN-AM2_behavior+ecephys.nwb,Geometric transformation of cognitive maps for generalization across hippocampal-prefrontal circuits; https://doi.org/10.1016/j.celrep.2023.112246,"W-track route, correct choice, and familiar/novel epochs",57,Hippocampal CA1 and prefrontal cortex,Two-region transfer task links trajectory geometry to learning. Verified sampled spike span: 155.8 min in this asset.,/intervals/trials,1af3ac35-8aff-4ddb-b6c8-15a3832e1655,start_time
000552,sub-e15-13f1/sub-e15-13f1_ses-e15-13f1-220119_behavior+ecephys.nwb,Preconfigured dynamics in the hippocampus are guided by embryonic birthdate and rate of neurogenesis; https://www.nature.com/articles/s41593-022-01138-x,"Familiar versus novel maze, expected arm, and visited arm",343,Hippocampal CA1 (asset electrode location unspecified),CA1 spatial learning permits trial-wise comparison to mnemonic expectation. Verified sampled spike span: 487.5 min in this asset.,/intervals/trials,a79c432a-49c7-4898-affb-7a66931b4ea3,start_time
000638,sub-TS114-1/sub-TS114-1_ses-TS114-1_behavior+ecephys.nwb,DANDI published data release: Hippocampus and Entorhinal Cortex Dual Region Silicon Probe recording; https://dandiarchive.org/dandiset/000638/0.250123.0354,Continuous virtual-reality position and running,131,"Dentate gyrus, CA3, medial and lateral entorhinal cortex",Hippocampal-entorhinal population during virtual navigation; four anatomical areas. Verified sampled spike span: 240.0 min in this asset.,,,
000688,sub-C/sub-C_ses-RT-20150318_behavior+ecephys.nwb,"A Neural Population Mechanism for Rapid Learning, Neuron (2018), https://doi.org/10.1016/j.neuron.2018.09.030","Reach target direction, success, and task adaptation",75,Primary motor cortex (M1),Single-area primate reaching session tests rapid sensorimotor learning. Verified sampled spike span: 63.6 min in this asset.,/intervals/trials,7e087e3b-f35d-4322-8910-4078af380197,start_time
000689,sub-H19/sub-H19_ses-H19-2019-10-31-17-44-38-Disc5-3-5khz_ecephys+image.nwb,"Li et al., Nature (2022), https://doi.org/10.1038/s41586-022-04964-y",Pavlovian discrimination trial type and valence assignment,64,Amygdala (asset electrode location unspecified),Single-system aversive and appetitive learning comparison. Verified sampled spike span: 199.5 min in this asset.,/intervals/trials,b2a7b630-c4b5-4592-a6f9-720a0b3ec528,start_time
000939,sub-A1813/sub-A1813_ses-190408_behavior+ecephys+ogen.nwb,DANDI published data release: Large-scale recordings of head direction cells in mouse postsubiculum; https://dandiarchive.org/dandiset/000939/0.260512.1701,Continuous head direction and transitions among scored sleep states,70,Postsubiculum,Dense postsubicular head-direction population sampled across wake and sleep. Verified sampled spike span: 194.4 min in this asset.,/intervals/sleep_states,4970f1d4-0e92-4ba3-a1af-666258a57c04,start_time
000941,sub-MonkeyL-held-in-calib/sub-MonkeyL-held-in-calib_ses-20120924_behavior+ecephys.nwb,Spatiotemporal distribution of location and object effects in reach-to-grasp kinematics; https://doi.org/10.1152/jn.00686.2015,"Reach target, go cue, movement onset, and object contact",64,Primary motor cortex (M1),Primate reach-to-grasp session offers detailed behavioral milestones. Verified sampled spike span: 60.8 min in this asset.,/intervals/trials,fe1f377f-6668-4f8f-bfa3-1fec9377c7a1,gocue_time; move_onset_time; contact_time
000978,sub-JDS-SingleDay-JS14/sub-JDS-SingleDay-JS14_behavior+ecephys.nwb,DANDI published data release: Single Day W-Track Learning; https://dandiarchive.org/dandiset/000978/0.240511.0307,W-track route and alternation correctness across learning,72,Hippocampal CA1 and prefrontal cortex,Single-day learning exposes within-session shifts in two-area codes. Verified sampled spike span: 325.9 min in this asset.,/intervals/trials,f14ca100-c5db-4600-af7b-bd5c3f0eaf4f,start_time
000986,sub-LA11/sub-LA11_ses-2_behavior.nwb,"Auditory cortex arousal study, bioRxiv (2024), https://doi.org/10.1101/2024.04.04.588209","Tone frequency and onset, pupil diameter, and running",132,Auditory cortex,Single-area sensory response with arousal proxies for contextual modulation. Verified sampled spike span: 125.5 min in this asset.,/intervals/trials,f4b0b875-29c2-4721-87a1-e6aa21bcdb6e,start_time
000987,sub-A7803/sub-A7803_ses-20240509T221830_behavior+ecephys.nwb,"Skromne Carrasco et al., Current Biology (2024), https://doi.org/10.1016/j.cub.2024.05.048",Sleep UP-state onset and open-field position,58,Hippocampal CA1 and retrosplenial cortex,Two-region spontaneous and navigation dynamics in the same mouse. Verified sampled spike span: 311.8 min in this asset.,/intervals/UP,34dcf4b1-0211-40d4-b288-c4bfa07b3783,start_time
001209,sub-MonkeyX-held-in-calib/sub-MonkeyX-held-in-calib_ses-20121206_behavior+ecephys.nwb,Spatiotemporal distribution of location and object effects in reach-to-grasp kinematics; https://doi.org/10.1152/jn.00686.2015,"Reach-to-grasp go cue, movement onset, and contact",64,Primary motor cortex (M1),Primate grasp task extends the motor coverage beyond center-out reaches. Verified sampled spike span: 60.1 min in this asset.,/intervals/trials,997c2981-6b4b-4954-9840-00922119b329,gocue_time; move_onset_time; contact_time
001371,sub-S17/sub-S17_ses-S17-210410_behavior+ecephys.nwb,New information triggers prospective codes to adapt for flexible navigation; https://doi.org/10.1038/s41467-025-60122-8,"Mid-trial update cue, choice, and trial correctness",77,Hippocampal CA1 and prefrontal cortex,Flexible route updating isolates task revision from spatial progression. Verified sampled spike span: 36.0 min in this asset.,/intervals/trials,06610a7f-dcd9-4536-9efb-8ae7f86a3ca5,t_update; t_choice_made
001695,sub-M05/sub-M05_ses-20240730T100000_behavior+ecephys.nwb,DANDI published data release: High-density extracellular recordings (Neuropixels/SiNAPS) of Hippocampal-Cortical dynamics during spatial behavior.; https://dandiarchive.org/dandiset/001695/0.260319.2023,Scored sleep-state onset and hippocampal population dynamics,278,Hippocampal CA1,Single-probe CA1 sample from a high-density hippocampal-cortical release. Verified sampled spike span: 257.4 min in this asset.,/intervals/SleepStates,f8b0b41a-55e3-4d0a-aa13-955348277fe7,start_time
001699,sub-H4830/sub-H4830_ses-230406_behavior+ecephys+image.nwb,Age-dependent alterations in the head-direction signal in a rat model of Fragile X Syndrome; https://www.biorxiv.org/content/10.1101/2025.01.09.632139v1,Head direction during exploration and sleep-stage onset,96,Left postsubiculum,Postsubicular head-direction dynamics in a developmental disease model. Verified sampled spike span: 187.5 min in this asset.,/intervals/sleep_stages,557c03bb-bd4b-445a-9a6d-6c28e76737e1,start_time
001701,sub-AppleBottom/sub-AppleBottom_ses-AppleBottom-DY05-g1_behavior+ecephys.nwb,DANDI published data release: Aery Jones et al (2026) Entorhinal cortex represents task-relevant remote locations independent of CA1; https://dandiarchive.org/dandiset/001701/0.260120.0303,Continuous two-dimensional position and head direction during match-to-sample,177,"Medial entorhinal cortex, parasubiculum, visual cortex",Spatial behavior offers independent readouts of entorhinal latent axes. Verified sampled spike span: 40.4 min in this asset.,,,
001749,sub-20200121-BLA1-3-1v3/sub-20200121-BLA1-3-1v3_ses-20200121T145500_behavior+ecephys+image.nwb,"Padilla-Coreano et al., Nature (2022), https://doi.org/10.1038/s41586-022-04507-5",Conditioned stimulus onset and port entry during reward competition,134,Medial prefrontal cortex (projection-target subgroup unspecified),Social-competition population with directly timestamped conditioned stimuli. Verified sampled spike span: 44.0 min in this asset.,/intervals/cs_onsets,0c497b11-f5ff-4248-950f-560e019ba63f,start_time
001775,sub-UT06/sub-UT06_ses-Day11_behavior+ecephys.nwb,DANDI published data release: Mouse hippocampal electrophysiology during spatial working memory and consummatory behavior; https://dandiarchive.org/dandiset/001775/0.260418.0538,"Delayed nonmatch choice, forepaw contact, and reward consumption",85,Right dorsal hippocampus,Focused hippocampal working-memory sample with rich motor and feeding events. Verified sampled spike span: 149.6 min in this asset.,/intervals/trials,54d4bf4a-2126-4687-b68a-efce1acb27b3,start_time; forepaw_contact_time; chewing_onset_time
000007,sub-BAYLORNL14/sub-BAYLORNL14_ses-20170604T150059.nwb,https://www.nature.com/articles/s41586-018-0633-x,response: Compare preparatory population activity for left versus right lick decisions during the delayed response task.,67,Anterior lateral motor cortex (ALM),Compare preparatory population activity for left versus right lick decisions during the delayed response task. Verified 67 sorted units and at least 55.5 minutes of spike timestamps; one subject in this NWB asset.,/intervals/trials,f36811c5-02c3-4532-a29f-3475f1a7dfa4,response
000053,sub-npI1/sub-npI1_ses-20190413_behavior+ecephys.nwb,https://www.nature.com/articles/s41467-021-20936-8,"running_wheel_gain: Focused entorhinal recording with virtual navigation, wheel gain manipulation, and reward events.",77,Medial entorhinal cortex (study target; NWB electrode location is unknown),"Focused entorhinal recording with virtual navigation, wheel gain manipulation, and reward events. Verified 77 sorted units and at least 43.8 minutes of spike timestamps; one subject in this NWB asset.",/intervals/trials,854a86ad-db41-4991-8649-f18e68024dce,running_wheel_gain
000147,sub-P1/sub-P1_ses-2018-09-10_ecephys.nwb,https://doi.org/10.7554/eLife.74478,finger: Single participant parietal population supports comparison of cued finger movements.,100,"Human posterior parietal cortex (intraparietal area, PC-IP)",Single participant parietal population supports comparison of cued finger movements. Verified 100 sorted units and at least 27.2 minutes of spike timestamps; one subject in this NWB asset.,/intervals/trials,8a9a86c1-5e4f-498a-ac26-5f093ffa1d50,finger
000166,sub-YMV07/sub-YMV07_ses-YMV07-170914_ecephys.nwb,https://doi.org/10.1016/j.neuron.2018.12.009,label: Long single mouse V1 recording with sleep and up/down state annotations for state dependent population comparisons.,101,Primary visual cortex (layer resolved; NWB electrode location is unknown),Long single mouse V1 recording with sleep and up/down state annotations for state dependent population comparisons. Verified 101 sorted units and at least 541.5 minutes of spike timestamps; one subject in this NWB asset.,/processing/Neural states/Sleep states,1d78aabf-170a-4ace-9d65-b30fd4ec98f7,label
000302,sub-ANM-0190/sub-ANM-0190_ses-20211202_behavior+ecephys+ogen.nwb,https://dandiarchive.org/dandiset/000302,"trial_type: Long mouse session with habenular recording, task trials, and separately annotated stimulation.",523,Lateral and medial habenula; PVT/thalamus and dentate gyrus (electrode labels),"Long mouse session with habenular recording, task trials, and separately annotated stimulation. Verified 523 sorted units and at least 157.4 minutes of spike timestamps; one subject in this NWB asset.",/intervals/trials,c844f268-ef9d-4ae4-b35d-07c8e74a6173,trial_type
000458,sub-569068/sub-569068_ses-20210304_behavior+ecephys.nwb,https://elifesciences.org/reviewed-preprints/84630,"stimulus_type: Single mouse session combines sorted spikes, behavioral epochs, and cortical stimulation",338,"Cingulate, motor, sensory and visual cortices; hippocampus and thalamus (multi-region)","Single mouse session combines sorted spikes, behavioral epochs, and cortical stimulation; useful broader network comparison. Verified 338 sorted units and at least 150.3 minutes of spike timestamps; one subject in this NWB asset.",/intervals/trials,59e9df94-10b5-4e91-81c7-5f9ceaa4386f,stimulus_type
000473,sub-128514/sub-128514_ses-128514-20191215-probe0_behavior+ecephys+ogen.nwb,https://dandiarchive.org/dandiset/000473,airpuff: Large one mouse prefrontal population with airpuff and sound trials relevant to aversive-state coding.,758,"Prefrontal and adjacent cortex: ACA, PL, ILA, DP, OFC, MOs and AON",Large one mouse prefrontal population with airpuff and sound trials relevant to aversive-state coding. Verified 758 sorted units and at least 75.7 minutes of spike timestamps; one subject in this NWB asset.,/intervals/trials,3dabcaff-9831-4686-895d-fdca6a0ac079,airpuff
000575,sub-04/sub-04_ses-20170118T161000_behavior+ecephys.nwb,https://doi.org/10.1016/j.neuroimage.2022.119123,set_size: Single human session permits visual working-memory load comparisons across simultaneously recorded neurons.,85,"Human hippocampus, amygdala, fusiform/parahippocampal and temporal gyri (multi-region)",Single human session permits visual working-memory load comparisons across simultaneously recorded neurons. Verified 85 sorted units and at least 21.7 minutes of spike timestamps; one subject in this NWB asset.,/intervals/trials,e6c32953-335e-4df4-aab3-010e759638f9,set_size
000673,sub-19/sub-19_ses-1_ecephys+image.nwb,https://www.nature.com/articles/s41586-024-07309-z,response_accuracy: Single participant session links sorted cells to explicit working-memory accuracy and memory-load events.,95,"Human hippocampus, amygdala, medial PFC, dACC and pre-SMA (multi-region)",Single participant session links sorted cells to explicit working-memory accuracy and memory-load events. Verified 95 sorted units and at least 24.1 minutes of spike timestamps; one subject in this NWB asset.,/intervals/trials,b2a3f41c-3efc-4328-8964-07f32a09d025,response_accuracy
000774,sub-jlh31/sub-jlh31_ses-jlh31-2023-01-24-14-30-23_ecephys.nwb,https://doi.org/10.1016/j.celrep.2026.117420,amplitude: Many simultaneous units and parameterized electrical stimulation of neocortex in one recording.,785,Neocortex (paper target; NWB electrode location is recorded as none),Many simultaneous units and parameterized electrical stimulation of neocortex in one recording. Verified 785 sorted units and at least 109.8 minutes of spike timestamps; one subject in this NWB asset.,/intervals/trials,ecb159f6-1e7f-49eb-8863-69818f037bd5,amplitude
000945,sub-BH526/sub-BH526_ses-20231029T182226_ecephys.nwb,https://dandiarchive.org/dandiset/000945,start_time: Awake rat ultrasound trials offer time-locked cortical response comparisons in a focused area.,86,Rat primary somatosensory cortex (study target; NWB location unknown),Awake rat ultrasound trials offer time-locked cortical response comparisons in a focused area. Verified 86 sorted units and at least 21.0 minutes of spike timestamps; one subject in this NWB asset.,/intervals/trials,742597dd-47e6-4b9e-83f4-813893dab7a5,start_time
000946,sub-BH494/sub-BH494_ses-20240214T143410_ecephys.nwb,https://dandiarchive.org/dandiset/000946,start_time: Separate anesthetized rat ultrasound recording allows stimulation-aligned population analysis.,95,Rat somatosensory cortex (study target; NWB location unknown),Separate anesthetized rat ultrasound recording allows stimulation-aligned population analysis. Verified 95 sorted units and at least 20.9 minutes of spike timestamps; one subject in this NWB asset.,/intervals/trials,e7df3f60-e4ee-4ec3-8004-b1036e3e3587,start_time
001187,sub-20/sub-20_ses-1_ecephys+image.nwb,https://www.biorxiv.org/content/10.1101/2024.07.15.603630v1,response_accuracy: Single participant hippocampal and amygdalar cells have separate working- and long-term-memory trial tables.,62,"Human hippocampus and amygdala, bilateral",Single participant hippocampal and amygdalar cells have separate working- and long-term-memory trial tables. Verified 62 sorted units and at least 67.0 minutes of spike timestamps; one subject in this NWB asset.,/intervals/WM_trials,64e1fd0f-fa8c-4547-ac3c-57ee5d839005,response_accuracy
001199,sub-BH594/sub-BH594_ses-20240815T000600_ecephys.nwb,https://dandiarchive.org/dandiset/001199,start_time: Independent animal and asset for ultrasound stimulation replication with time-stamped trials.,74,Rat somatosensory cortex (study target; NWB location unknown),Independent animal and asset for ultrasound stimulation replication with time-stamped trials. Verified 74 sorted units and at least 20.9 minutes of spike timestamps; one subject in this NWB asset.,/intervals/trials,e6557f34-eb4f-45fd-8951-f6b8848ede7a,start_time
001260,sub-249939/sub-249939_ses-249939-20200611-probe0_behavior+ecephys+ogen.nwb,https://www.biorxiv.org/content/10.1101/2024.11.06.622308v2,airpuff: Separate mouse prefrontal atlas session includes direct airpuff and optogenetic trial annotations.,376,"Prefrontal subregions ACA, PL, ILA, DP and OFC; MOs/striatum (multi-region)",Separate mouse prefrontal atlas session includes direct airpuff and optogenetic trial annotations. Verified 376 sorted units and at least 88.1 minutes of spike timestamps; one subject in this NWB asset.,/intervals/trials,b890aa2f-8921-4905-8b00-1c4abb16ce15,airpuff
001326,sub-1/sub-1_ses-20230226_ecephys.nwb,https://dandiarchive.org/dandiset/001326,stimulus: One mouse brain-wide session offers stimulus labels for aversion and ketamine network analyses.,1020,"Motor and retrosplenial cortex, amygdala, striatum, hippocampus and thalamus (multi-region)",One mouse brain-wide session offers stimulus labels for aversion and ketamine network analyses. Verified 1020 sorted units and at least 109.9 minutes of spike timestamps; one subject in this NWB asset.,/intervals/Stimulus presentations,9cb61638-2e34-41bf-ae52-c41fdf1eb811,stimulus
001417,sub-767926/sub-767926_ses-ecephys-767926-2025-02-26-15-49-35_ecephys.nwb,https://alleninstitute.github.io/openscope_databook/psycode/,omitted: One mouse OpenScope session has image presentations with omitted-image flags and thousands of sorted units.,4712,"Visual, frontal and somatosensory cortex; hippocampus and thalamus (multi-region)",One mouse OpenScope session has image presentations with omitted-image flags and thousands of sorted units. Verified 4712 sorted units and at least 122.0 minutes of spike timestamps; one subject in this NWB asset.,/intervals/behavior_presentations,c0f5a1ed-18cc-49aa-9aa3-d275e6a99c64,omitted
001435,sub-Lalo/sub-Lalo_ses-20230223.nwb,https://www.biorxiv.org/content/10.1101/2025.02.13.638172v1,"difficulty: Single animal cingulate session includes reward, choice and trial-difficulty fields for evidence accumulation.",52,Cingulate cortex (study target; electrode location absent from main NWB),"Single animal cingulate session includes reward, choice and trial-difficulty fields for evidence accumulation. Verified 52 sorted units and at least 193.2 minutes of spike timestamps; one subject in this NWB asset.",/intervals/trials,febee381-de71-4878-ada1-250b73d5a905,difficulty
001676,sub-A8608/sub-A8608_ses-A8608-220107_behavior+ecephys.nwb,https://www.biorxiv.org/content/10.1101/2024.06.13.598909v1,tags: One animal has a long joint postsubicular/CA1 recording with epoch labels for state comparisons.,77,Postsubiculum (PSB) and hippocampal CA1,One animal has a long joint postsubicular/CA1 recording with epoch labels for state comparisons. Verified 77 sorted units and at least 347.5 minutes of spike timestamps; one subject in this NWB asset.,/intervals/epochs,fd41b3bc-2109-4a35-a6e5-6e6204947d83,tags
001950,sub-784806/sub-784806_ses-784806-2025-06-20-13-39-16_behavior+ecephys.nwb,https://www.nature.com/articles/s41586-026-11026-0,reward_probabilityL: Single mouse foraging session with hundreds of units and trial-by-trial reward probabilities.,532,Locus coeruleus and adjacent probe locations (study target; NWB channel labels absent),Single mouse foraging session with hundreds of units and trial-by-trial reward probabilities. Verified 532 sorted units and at least 81.1 minutes of spike timestamps; one subject in this NWB asset.,/intervals/trials,fbac449e-fbf4-4155-843b-a8ee8aaea35d,reward_probabilityL